user_agent,count(*)
"Mozilla/5.0 (iPad; CPU OS 6_1_3 like Mac OS X) AppleWebKit/536.26 (KHTML, like Gecko) Mobile/10B329",1614430
"Mozilla/5.0 (iPhone; CPU iPhone OS 6_1_3 like Mac OS X) AppleWebKit/536.26 (KHTML, like Gecko) Mobile/10B329",1106035
"Mozilla/5.0 (iPod; CPU iPhone OS 6_1_3 like Mac OS X) AppleWebKit/536.26 (KHTML, like Gecko) Mobile/10B329",488909
"Mozilla/5.0 (iPhone; CPU iPhone OS 6_1_4 like Mac OS X) AppleWebKit/536.26 (KHTML, like Gecko) Mobile/10B350",397378
"Mozilla/5.0 (iPhone; CPU iPhone OS 6_1_3 like Mac OS X) AppleWebKit/536.26 (KHTML, like Gecko) Version/6.0 Mobile/10B329 Safari/8536.25",348712
"Mozilla/5.0 (iPad; CPU OS 5_1_1 like Mac OS X) AppleWebKit/534.46 (KHTML, like Gecko) Mobile/9B206",235567
"Mozilla/5.0 (iPad; CPU OS 6_1_3 like Mac OS X) AppleWebKit/536.26 (KHTML, like Gecko) Version/6.0 Mobile/10B329 Safari/8536.25",232129
"Mozilla/5.0 (iPhone; CPU iPhone OS 6_1_4 like Mac OS X) AppleWebKit/536.26 (KHTML, like Gecko) Version/6.0 Mobile/10B350 Safari/8536.25",171927
"Mozilla/5.0 (iPad; CPU OS 6_1_2 like Mac OS X) AppleWebKit/536.26 (KHTML, like Gecko) Mobile/10B146",150417
"Mozilla/5.0 (iPad; CPU OS 6_0_1 like Mac OS X) AppleWebKit/536.26 (KHTML, like Gecko) Mobile/10A523",147307
"Mozilla/5.0 (iPhone; CPU iPhone OS 6_1_2 like Mac OS X) AppleWebKit/536.26 (KHTML, like Gecko) Mobile/10B146",108747
"Mozilla/5.0 (iPad; CPU OS 6_1 like Mac OS X) AppleWebKit/536.26 (KHTML, like Gecko) Mobile/10B141",93907
"Mozilla/5.0 (iPhone; CPU iPhone OS 6_0_1 like Mac OS X) AppleWebKit/536.26 (KHTML, like Gecko) Mobile/10A523",92584
"Mozilla/5.0 (iPod; CPU iPhone OS 6_0_1 like Mac OS X) AppleWebKit/536.26 (KHTML, like Gecko) Mobile/10A523",65823
"Mozilla/5.0 (iPhone; CPU iPhone OS 5_1_1 like Mac OS X) AppleWebKit/534.46 (KHTML, like Gecko) Mobile/9B206",62537
"Mozilla/5.0 (iPod; CPU iPhone OS 5_1_1 like Mac OS X) AppleWebKit/534.46 (KHTML, like Gecko) Mobile/9B206",54817
"Mozilla/5.0 (iPad; CPU OS 6_0 like Mac OS X) AppleWebKit/536.26 (KHTML, like Gecko) Mobile/10A403",51652
"Mozilla/5.0 (iPod; CPU iPhone OS 6_1_2 like Mac OS X) AppleWebKit/536.26 (KHTML, like Gecko) Mobile/10B146",48041
"Mozilla/5.0 (iPhone; CPU iPhone OS 6_1_2 like Mac OS X) AppleWebKit/536.26 (KHTML, like Gecko) Version/6.0 Mobile/10B146 Safari/8536.25",38175
"Mozilla/5.0 (iPhone; CPU iPhone OS 6_0_1 like Mac OS X) AppleWebKit/536.26 (KHTML, like Gecko) Version/6.0 Mobile/10A523 Safari/8536.25",37168
"Mozilla/5.0 (iPod; CPU iPhone OS 6_1_3 like Mac OS X) AppleWebKit/536.26 (KHTML, like Gecko) Version/6.0 Mobile/10B329 Safari/8536.25",35349
"Mozilla/5.0 (iPad; CPU OS 5_1_1 like Mac OS X) AppleWebKit/534.46 (KHTML, like Gecko) Version/5.1 Mobile/9B206 Safari/7534.48.3",34957
"Mozilla/5.0 (iPhone; CPU iPhone OS 6_0 like Mac OS X) AppleWebKit/536.26 (KHTML, like Gecko) Mobile/10A403",32225
"Mozilla/5.0 (iPhone; CPU iPhone OS 5_1_1 like Mac OS X) AppleWebKit/534.46 (KHTML, like Gecko) Version/5.1 Mobile/9B206 Safari/7534.48.3",24283
"Mozilla/5.0 (iPod; CPU iPhone OS 6_1 like Mac OS X) AppleWebKit/536.26 (KHTML, like Gecko) Mobile/10B144",22528
"Mozilla/5.0 (iPad; CPU OS 6_0_2 like Mac OS X) AppleWebKit/536.26 (KHTML, like Gecko) Mobile/10A550",22063
"Mozilla/5.0 (iPhone; CPU iPhone OS 6_1 like Mac OS X) AppleWebKit/536.26 (KHTML, like Gecko) Mobile/10B141",19768
"Mozilla/5.0 (iPad; CPU OS 6_1_2 like Mac OS X) AppleWebKit/536.26 (KHTML, like Gecko) Version/6.0 Mobile/10B146 Safari/8536.25",19260
"Mozilla/5.0 (iPad; CPU OS 6_0_1 like Mac OS X) AppleWebKit/536.26 (KHTML, like Gecko) Version/6.0 Mobile/10A523 Safari/8536.25",18815
"Mozilla/5.0 (iPhone; CPU iPhone OS 6_0 like Mac OS X) AppleWebKit/536.26 (KHTML, like Gecko) Version/6.0 Mobile/10A403 Safari/8536.25",16443
"Mozilla/5.0 (iPhone; CPU iPhone OS 6_0_2 like Mac OS X) AppleWebKit/536.26 (KHTML, like Gecko) Mobile/10A551",15704
"Mozilla/5.0 (iPhone; CPU iPhone OS 6_1 like Mac OS X) AppleWebKit/536.26 (KHTML, like Gecko) Mobile/10B142",15297
"Mozilla/5.0 (iPod; CPU iPhone OS 6_0 like Mac OS X) AppleWebKit/536.26 (KHTML, like Gecko) Mobile/10A403",15194
"Mozilla/5.0 (iPad; CPU OS 5_1 like Mac OS X) AppleWebKit/534.46 (KHTML, like Gecko) Mobile/9B176",14102
"Mozilla/5.0 (iPhone; CPU iPhone OS 6_0_1 like Mac OS X) AppleWebKit/536.26 (KHTML, like Gecko) Mobile/10A525",14061
"Mozilla/5.0 (iPhone; CPU iPhone OS 6_1 like Mac OS X) AppleWebKit/536.26 (KHTML, like Gecko) Mobile/10B144",13892
"Mozilla/5.0 (iPad; CPU OS 6_1_3 like Mac OS X) AppleWebKit/536.26 (KHTML, like Gecko) CriOS/27.0.1453.10 Mobile/10B329 Safari/8536.25",13360
"Mozilla/5.0 (iPad; CPU OS 5_0_1 like Mac OS X) AppleWebKit/534.46 (KHTML, like Gecko) Mobile/9A405",13273
"Mozilla/5.0 (iPhone; CPU iPhone OS 6_1 like Mac OS X) AppleWebKit/536.26 (KHTML, like Gecko) Mobile/10B143",12653
"Mozilla/5.0 (iPad; CPU OS 6_1 like Mac OS X) AppleWebKit/536.26 (KHTML, like Gecko) Version/6.0 Mobile/10B141 Safari/8536.25",12255
"Mozilla/5.0 (iPad; CPU OS 6_0 like Mac OS X) AppleWebKit/536.26 (KHTML, like Gecko) Mobile/10A407",11022
"Mozilla/5.0 (iPhone; CPU iPhone OS 5_0_1 like Mac OS X) AppleWebKit/534.46 (KHTML, like Gecko) Mobile/9A405",10908
"Mozilla/5.0 (iPod; CPU iPhone OS 5_0_1 like Mac OS X) AppleWebKit/534.46 (KHTML, like Gecko) Mobile/9A405",10331
"Mozilla/5.0 (iPad; CPU OS 6_0_1 like Mac OS X) AppleWebKit/536.26 (KHTML, like Gecko) Mobile/10A8426",10010
"Mozilla/5.0 (iPhone; CPU iPhone OS 6_0_2 like Mac OS X) AppleWebKit/536.26 (KHTML, like Gecko) Version/6.0 Mobile/10A551 Safari/8536.25",8399
"Mozilla/5.0 (iPhone; CPU iPhone OS 6_0 like Mac OS X) AppleWebKit/536.26 (KHTML, like Gecko) Mobile/10A405",8243
"Mozilla/5.0 (iPad; CPU OS 6_0 like Mac OS X) AppleWebKit/536.26 (KHTML, like Gecko) Version/6.0 Mobile/10A403 Safari/8536.25",8220
"Mozilla/5.0 (iPhone; CPU iPhone OS 6_0_1 like Mac OS X) AppleWebKit/536.26 (KHTML, like Gecko) Version/6.0 Mobile/10A525 Safari/8536.25",8062
"Mozilla/5.0 (iPhone; CPU iPhone OS 6_1 like Mac OS X) AppleWebKit/536.26 (KHTML, like Gecko) Version/6.0 Mobile/10B142 Safari/8536.25",7398
"Mozilla/5.0 (iPhone; CPU iPhone OS 6_1_1 like Mac OS X) AppleWebKit/536.26 (KHTML, like Gecko) Mobile/10B145",7301
"Mozilla/5.0 (iPad; CPU OS 6_1_2 like Mac OS X) AppleWebKit/536.26 (KHTML, like Gecko) Mobile/10B147",7252
"Mozilla/5.0 (iPod; CPU iPhone OS 5_1 like Mac OS X) AppleWebKit/534.46 (KHTML, like Gecko) Mobile/9B176",7245
"Mozilla/5.0 (iPhone; CPU iPhone OS 5_1 like Mac OS X) AppleWebKit/534.46 (KHTML, like Gecko) Mobile/9B176",6126
"Mozilla/5.0 (iPhone; CPU iPhone OS 6_0 like Mac OS X) AppleWebKit/536.26 (KHTML, like Gecko) Version/6.0 Mobile/10A405 Safari/8536.25",6074
"Mozilla/5.0 (iPhone; CPU iPhone OS 6_1 like Mac OS X) AppleWebKit/536.26 (KHTML, like Gecko) Version/6.0 Mobile/10B143 Safari/8536.25",5798
"Mozilla/5.0 (iPod; CPU iPhone OS 6_1 like Mac OS X) AppleWebKit/536.26 (KHTML, like Gecko) Mobile/10B141",5497
"Mozilla/5.0 (iPhone; CPU iPhone OS 6_1_3 like Mac OS X) AppleWebKit/536.26 (KHTML, like Gecko) CriOS/27.0.1453.10 Mobile/10B329 Safari/8536.25",5390
"Mozilla/5.0 (iPhone; CPU iPhone OS 6_1_3 like Mac OS X) AppleWebKit/536.26 (KHTML, like Gecko) Mobile/10B329 Safari IPhoneAppVersion/2.6.0 IPhoneWebkitWrapper BillingSupported",5158
"Mozilla/5.0 (iPhone; CPU iPhone OS 5_0_1 like Mac OS X) AppleWebKit/534.46 (KHTML, like Gecko) Version/5.1 Mobile/9A405 Safari/7534.48.3",4738
"Mozilla/5.0 (iPhone; CPU iPhone OS 6_1_4 like Mac OS X) AppleWebKit/536.26 (KHTML, like Gecko) CriOS/27.0.1453.10 Mobile/10B350 Safari/8536.25",4649
"Mozilla/5.0 (iPod; CPU iPhone OS 5_1_1 like Mac OS X) AppleWebKit/534.46 (KHTML, like Gecko) Version/5.1 Mobile/9B206 Safari/7534.48.3",4413
"Mozilla/5.0 (iPhone; CPU iPhone OS 6_1 like Mac OS X) AppleWebKit/536.26 (KHTML, like Gecko) Version/6.0 Mobile/10B141 Safari/8536.25",4362
"Mozilla/5.0 (iPhone; CPU iPhone OS 5_1_1 like Mac OS X) AppleWebKit/534.46 (KHTML, like Gecko) Mobile/9B208",4041
"Mozilla/5.0 (iPhone; CPU iPhone OS 6_1 like Mac OS X) AppleWebKit/536.26 (KHTML, like Gecko) Version/6.0 Mobile/10B144 Safari/8536.25",3561
"Mozilla/5.0 (iPod; CPU iPhone OS 6_0_1 like Mac OS X) AppleWebKit/536.26 (KHTML, like Gecko) Version/6.0 Mobile/10A523 Safari/8536.25",3465
"Mozilla/5.0 (iPhone; CPU iPhone OS 6_1_1 like Mac OS X) AppleWebKit/536.26 (KHTML, like Gecko) Version/6.0 Mobile/10B145 Safari/8536.25",3456
"Mozilla/5.0 (iPhone; CPU iPhone OS 5_1 like Mac OS X) AppleWebKit/534.46 (KHTML, like Gecko) Mobile/9B179",3415
"Mozilla/5.0 (iPod; CPU iPhone OS 6_1_2 like Mac OS X) AppleWebKit/536.26 (KHTML, like Gecko) Version/6.0 Mobile/10B146 Safari/8536.25",3349
"Mozilla/5.0 (iPod; U; CPU iPhone OS 4_2_1 like Mac OS X; en-us) AppleWebKit/533.17.9 (KHTML, like Gecko) Version/5.0.2 Mobile/8C148 Safari/6533.18.5",3103
"Mozilla/5.0 (iPhone; CPU iPhone OS 5_1 like Mac OS X) AppleWebKit/534.46 (KHTML, like Gecko) Version/5.1 Mobile/9B179 Safari/7534.48.3",2769
"Mozilla/5.0 (iPhone; CPU iPhone OS 5_0_1 like Mac OS X) AppleWebKit/534.46 (KHTML, like Gecko) Mobile/9A406",2735
"Mozilla/5.0 (iPad; U; CPU OS 4_3_3 like Mac OS X; en-us) AppleWebKit/533.17.9 (KHTML, like Gecko) Version/5.0.2 Mobile/8J2 Safari/6533.18.5",2677
"Mozilla/5.0 (iPad; CPU OS 5_0_1 like Mac OS X) AppleWebKit/534.46 (KHTML, like Gecko) Version/5.1 Mobile/9A405 Safari/7534.48.3",2545
"Mozilla/5.0 (iPad; CPU OS 6_0_2 like Mac OS X) AppleWebKit/536.26 (KHTML, like Gecko) Mobile/10A8500",2533
"Mozilla/5.0 (iPad; U; CPU OS 4_3_5 like Mac OS X; en-us) AppleWebKit/533.17.9 (KHTML, like Gecko) Version/5.0.2 Mobile/8L1 Safari/6533.18.5",2470
"Mozilla/5.0 (iPad; CPU OS 5_1 like Mac OS X) AppleWebKit/534.46 (KHTML, like Gecko) Version/5.1 Mobile/9B176 Safari/7534.48.3",2456
"Mozilla/5.0 (iPhone; CPU iPhone OS 5_0 like Mac OS X) AppleWebKit/534.46 (KHTML, like Gecko) Version/5.1 Mobile/9A334 Safari/7534.48.3",2416
"Mozilla/5.0 (iPad; CPU OS 6_0 like Mac OS X) AppleWebKit/536.26 (KHTML, like Gecko) Mobile/10A406",2305
"Mozilla/5.0 (iPhone; CPU iPhone OS 5_1 like Mac OS X) AppleWebKit/534.46 (KHTML, like Gecko) Version/5.1 Mobile/9B176 Safari/7534.48.3",2258
"Mozilla/5.0 (iPhone; CPU iPhone OS 6_1_4 like Mac OS X) AppleWebKit/536.26 (KHTML, like Gecko) Mobile/10B350 [FBAN/FBIOS;FBAV/6.2;FBBV/228172;FBDV/iPhone5,1;FBMD/iPhone;FBSN/iPhone OS;FBSV/6.1.4;FBSS/2; FBCR/AT&T;FBID/phone;FBLC/en_US;FBOP/1]",2222
"Mozilla/5.0 (iPhone; U; CPU iPhone OS 4_3_3 like Mac OS X; en-us) AppleWebKit/533.17.9 (KHTML, like Gecko) Version/5.0.2 Mobile/8J2 Safari/6533.18.5",2166
"Mozilla/5.0 (iPhone; CPU iPhone OS 5_0 like Mac OS X) AppleWebKit/534.46 (KHTML, like Gecko) Mobile/9A334",2105
"Mozilla/5.0 (iPad; CPU OS 6_0 like Mac OS X) AppleWebKit/536.26 (KHTML, like Gecko) Version/6.0 Mobile/10A407 Safari/8536.25",2105
"Mozilla/5.0 (iPhone; CPU iPhone OS 6_1_3 like Mac OS X) AppleWebKit/536.26 (KHTML, like Gecko) Mobile/10B329 [FBAN/FBIOS;FBAV/6.1.1;FBBV/202949;FBDV/iPhone4,1;FBMD/iPhone;FBSN/iPhone OS;FBSV/6.1.3;FBSS/2; FBCR/AT&T;FBID/phone;FBLC/en_US;FBOP/1]",2049
"Mozilla/5.0 (iPhone; CPU iPhone OS 6_1_4 like Mac OS X) AppleWebKit/536.26 (KHTML, like Gecko) Mobile/10B350 [FBAN/FBIOS;FBAV/6.1.1;FBBV/202949;FBDV/iPhone5,1;FBMD/iPhone;FBSN/iPhone OS;FBSV/6.1.4;FBSS/2; FBCR/AT&T;FBID/phone;FBLC/en_US;FBOP/1]",2006
"Mozilla/5.0 (iPad; CPU OS 5_0 like Mac OS X) AppleWebKit/534.46 (KHTML, like Gecko) Mobile/9A334",1862
"Mozilla/5.0 (iPhone; CPU iPhone OS 6_1_3 like Mac OS X) AppleWebKit/536.26 (KHTML, like Gecko) Mobile/10B329 Safari IPhoneAppVersion/2.5.2 IPhoneWebkitWrapper BillingSupported",1780
"Mozilla/5.0 (iPhone; CPU iPhone OS 6_1_3 like Mac OS X) AppleWebKit/536.26 (KHTML, like Gecko) Mobile/10B329 [FBAN/FBIOS;FBAV/6.2;FBBV/228172;FBDV/iPhone4,1;FBMD/iPhone;FBSN/iPhone OS;FBSV/6.1.3;FBSS/2; FBCR/AT&T;FBID/phone;FBLC/en_US;FBOP/1]",1759
"Mozilla/5.0 (iPad; CPU OS 6_1_3 like Mac OS X) AppleWebKit/536.26 (KHTML, like Gecko) Mobile/10B329 [FBAN/FBIOS;FBAV/6.1.1;FBBV/202949;FBDV/iPad2,1;FBMD/iPad;FBSN/iPhone OS;FBSV/6.1.3;FBSS/1; FBCR/;FBID/tablet;FBLC/en_US;FBOP/1]",1597
"Mozilla/5.0 (iPhone; CPU iPhone OS 6_1_4 like Mac OS X) AppleWebKit/536.26 (KHTML, like Gecko) Mobile/10B350 [FBAN/FBIOS;FBAV/6.2;FBBV/228172;FBDV/iPhone5,2;FBMD/iPhone;FBSN/iPhone OS;FBSV/6.1.4;FBSS/2; FBCR/Verizon;FBID/phone;FBLC/en_US;FBOP/1]",1597
"Mozilla/5.0 (iPod; CPU iPhone OS 6_1_3 like Mac OS X) AppleWebKit/536.26 (KHTML, like Gecko) Mobile/10B329 Safari IPhoneAppVersion/2.6.0 IPhoneWebkitWrapper BillingSupported",1576
"Mozilla/5.0 (iPhone; CPU iPhone OS 6_1_3 like Mac OS X) AppleWebKit/536.26 (KHTML, like Gecko) Mobile/10B329 [FBAN/FBIOS;FBAV/6.1.1;FBBV/202949;FBDV/iPhone4,1;FBMD/iPhone;FBSN/iPhone OS;FBSV/6.1.3;FBSS/2; FBCR/Verizon;FBID/phone;FBLC/en_US;FBOP/1]",1562
"Mozilla/5.0 (iPhone; CPU iPhone OS 7_0 like Mac OS X) AppleWebKit/537.40 (KHTML, like Gecko) Mobile/11A4372q",1559
"Mozilla/5.0 (iPhone; CPU iPhone OS 5_0_1 like Mac OS X) AppleWebKit/534.46 (KHTML, like Gecko) Version/5.1 Mobile/9A406 Safari/7534.48.3",1548
"Mozilla/5.0 (iPhone; CPU iPhone OS 6_1_4 like Mac OS X) AppleWebKit/536.26 (KHTML, like Gecko) Mobile/10B350 Safari IPhoneAppVersion/2.6.0 IPhoneWebkitWrapper BillingSupported",1529
"Mozilla/5.0 (iPhone; CPU iPhone OS 6_1_3 like Mac OS X) AppleWebKit/536.26 (KHTML, like Gecko) Mobile/10B329 [FBAN/FBIOS;FBAV/6.2;FBBV/228172;FBDV/iPhone4,1;FBMD/iPhone;FBSN/iPhone OS;FBSV/6.1.3;FBSS/2; FBCR/Verizon;FBID/phone;FBLC/en_US;FBOP/1]",1527
"Mozilla/5.0 (iPhone; CPU iPhone OS 5_1_1 like Mac OS X) AppleWebKit/534.46 (KHTML, like Gecko) Version/5.1 Mobile/9B208 Safari/7534.48.3",1523
"Mozilla/5.0 (iPhone; CPU iPhone OS 6_1_4 like Mac OS X) AppleWebKit/536.26 (KHTML, like Gecko) Mobile/10B350 [FBAN/FBIOS;FBAV/6.1.1;FBBV/202949;FBDV/iPhone5,2;FBMD/iPhone;FBSN/iPhone OS;FBSV/6.1.4;FBSS/2; FBCR/Verizon;FBID/phone;FBLC/en_US;FBOP/1]",1509
"Mozilla/5.0 (iPad; CPU OS 6_1_3 like Mac OS X) AppleWebKit/536.26 (KHTML, like Gecko) CriOS/26.0.1410.53 Mobile/10B329 Safari/8536.25",1460
"Mozilla/5.0 (iPod; CPU iPhone OS 6_0 like Mac OS X) AppleWebKit/536.26 (KHTML, like Gecko) Mobile/10A406",1344
"Mozilla/5.0 (iPod; CPU iPhone OS 5_0 like Mac OS X) AppleWebKit/534.46 (KHTML, like Gecko) Mobile/9A334",1326
"Mozilla/5.0 (iPad; CPU OS 6_0_2 like Mac OS X) AppleWebKit/536.26 (KHTML, like Gecko) Version/6.0 Mobile/10A550 Safari/8536.25",1289
"Mozilla/5.0 (iPhone; U; CPU iPhone OS 4_2_1 like Mac OS X; en-us) AppleWebKit/533.17.9 (KHTML, like Gecko) Version/5.0.2 Mobile/8C148 Safari/6533.18.5",1283
"Mozilla/5.0 (iPhone; U; CPU iPhone OS 4_3_5 like Mac OS X; en-us) AppleWebKit/533.17.9 (KHTML, like Gecko) Version/5.0.2 Mobile/8L1 Safari/6533.18.5",1181
"Mozilla/5.0 (iPad; CPU OS 6_0_1 like Mac OS X) AppleWebKit/536.26 (KHTML, like Gecko) Version/6.0 Mobile/10A8426 Safari/8536.25",1159
"Mozilla/5.0 (iPad; U; CPU OS 3_2 like Mac OS X; en-us) AppleWebKit/531.21.10 (KHTML, like Gecko) Version/4.0.4 Mobile/7B367 Safari/531.21.10",1122
"Mozilla/5.0 (iPod; CPU iPhone OS 6_1 like Mac OS X) AppleWebKit/536.26 (KHTML, like Gecko) Version/6.0 Mobile/10B144 Safari/8536.25",1120
"Mozilla/5.0 (iPad; U; CPU OS 4_2_1 like Mac OS X; en-us) AppleWebKit/533.17.9 (KHTML, like Gecko) Version/5.0.2 Mobile/8C148 Safari/6533.18.5",1089
"Mozilla/5.0 (iPhone; CPU iPhone OS 7_0 like Mac OS X) AppleWebKit/537.40 (KHTML, like Gecko) Version/6.0 Mobile/11A4372q Safari/8536.25",1085
"Mozilla/5.0 (iPod; CPU iPhone OS 6_0 like Mac OS X) AppleWebKit/536.26 (KHTML, like Gecko) Version/6.0 Mobile/10A403 Safari/8536.25",1069
"Mozilla/5.0 (iPhone; U; CPU iPhone OS 4_2_8 like Mac OS X; en-us) AppleWebKit/533.17.9 (KHTML, like Gecko) Version/5.0.2 Mobile/8E401 Safari/6533.18.5",1067
"Mozilla/5.0 (iPad; CPU OS 6_1_3 like Mac OS X) AppleWebKit/536.26 (KHTML, like Gecko) Mobile/10B329 [FBAN/FBIOS;FBAV/6.1.1;FBBV/202949;FBDV/iPad3,1;FBMD/iPad;FBSN/iPhone OS;FBSV/6.1.3;FBSS/2; FBCR/;FBID/tablet;FBLC/en_US;FBOP/1]",1011
"Mozilla/5.0 (iPad; CPU OS 6_1_2 like Mac OS X) AppleWebKit/536.26 (KHTML, like Gecko) Version/6.0 Mobile/10B147 Safari/8536.25",979
"Mozilla/5.0 (iPad; CPU OS 6_1_3 like Mac OS X) AppleWebKit/536.26 (KHTML, like Gecko) Mobile/10B329 [FBAN/FBIOS;FBAV/6.1.1;FBBV/202949;FBDV/iPad3,4;FBMD/iPad;FBSN/iPhone OS;FBSV/6.1.3;FBSS/2; FBCR/;FBID/tablet;FBLC/en_US;FBOP/1]",965
"Mozilla/5.0 (iPhone; U; CPU iPhone OS 4_2_6 like Mac OS X; en-us) AppleWebKit/533.17.9 (KHTML, like Gecko) Version/5.0.2 Mobile/8E200 Safari/6533.18.5",963
"Mozilla/5.0 (iPhone; CPU iPhone OS 6_1_3 like Mac OS X) AppleWebKit/536.26 (KHTML, like Gecko) Mobile/10B329 [FBAN/FBIOS;FBAV/6.1.1;FBBV/202949;FBDV/iPhone3,3;FBMD/iPhone;FBSN/iPhone OS;FBSV/6.1.3;FBSS/2; FBCR/Verizon;FBID/phone;FBLC/en_US;FBOP/1]",866
"Mozilla/5.0 (iPad; CPU OS 6_1_3 like Mac OS X) AppleWebKit/536.26 (KHTML, like Gecko) Mobile/10B329 [FBAN/FBIOS;FBAV/6.2;FBBV/228172;FBDV/iPad2,1;FBMD/iPad;FBSN/iPhone OS;FBSV/6.1.3;FBSS/1; FBCR/;FBID/tablet;FBLC/en_US;FBOP/1]",822
"Mozilla/5.0 (iPod; CPU iPhone OS 6_1_3 like Mac OS X) AppleWebKit/536.26 (KHTML, like Gecko) CriOS/27.0.1453.10 Mobile/10B329 Safari/8536.25",818
"Mozilla/5.0 (iPhone; CPU iPhone OS 6_1_4 like Mac OS X) AppleWebKit/536.26 (KHTML, like Gecko) Mobile/10B350 [FBAN/FBIOS;FBAV/6.2;FBBV/228172;FBDV/iPhone5,2;FBMD/iPhone;FBSN/iPhone OS;FBSV/6.1.4;FBSS/2; FBCR/Sprint;FBID/phone;FBLC/en_US;FBOP/1]",745
"Mozilla/5.0 (iPad; CPU OS 6_1_3 like Mac OS X) AppleWebKit/536.26 (KHTML, like Gecko) Mobile/10B329 [FBAN/FBIOS;FBAV/6.1.1;FBBV/202949;FBDV/iPad2,5;FBMD/iPad;FBSN/iPhone OS;FBSV/6.1.3;FBSS/1; FBCR/;FBID/tablet;FBLC/en_US;FBOP/1]",717
"Mozilla/5.0 (iPod; CPU iPhone OS 5_1 like Mac OS X) AppleWebKit/534.46 (KHTML, like Gecko) Version/5.1 Mobile/9B176 Safari/7534.48.3",705
"Mozilla/5.0 (iPad; CPU OS 6_0_1 like Mac OS X) AppleWebKit/536.26 (KHTML, like Gecko) CriOS/27.0.1453.10 Mobile/10A523 Safari/8536.25",704
"Mozilla/5.0 (iPod; CPU iPhone OS 5_0_1 like Mac OS X) AppleWebKit/534.46 (KHTML, like Gecko) Version/5.1 Mobile/9A405 Safari/7534.48.3",703
"Mozilla/5.0 (iPad; U; CPU OS 5_0 like Mac OS X; en-us) AppleWebKit/534.46 (KHTML, like Gecko) Version/5.1 Mobile/9A334 Safari/7534.48.3",700
"Mozilla/5.0 (iPod; U; CPU iPhone OS 4_3_5 like Mac OS X; en-us) AppleWebKit/533.17.9 (KHTML, like Gecko) Version/5.0.2 Mobile/8L1 Safari/6533.18.5",682
"Mozilla/5.0 (iPhone; U; CPU iPhone OS 4_2_1 like Mac OS X; en-us) AppleWebKit/533.17.9 (KHTML, like Gecko) Version/5.0.2 Mobile/8C148a Safari/6533.18.5",675
"Mozilla/5.0 (iPhone; CPU iPhone OS 7_0 like Mac OS X) AppleWebKit/537.40 (KHTML, like Gecko) Mobile/11A4400f",670
"Mozilla/5.0 (iPhone; CPU iPhone OS 6_1_3 like Mac OS X) AppleWebKit/536.26 (KHTML, like Gecko) Mobile/10B329 [FBAN/FBIOS;FBAV/6.1.1;FBBV/202949;FBDV/iPhone4,1;FBMD/iPhone;FBSN/iPhone OS;FBSV/6.1.3;FBSS/2; FBCR/Sprint;FBID/phone;FBLC/en_US;FBOP/1]",668
"Mozilla/5.0 (iPad; CPU OS 6_1_3 like Mac OS X) AppleWebKit/536.26 (KHTML, like Gecko) Mobile/10B329 [FBAN/FBIOS;FBAV/6.1.1;FBBV/202949;FBDV/iPad2,4;FBMD/iPad;FBSN/iPhone OS;FBSV/6.1.3;FBSS/1; FBCR/;FBID/tablet;FBLC/en_US;FBOP/1]",666
"Mozilla/5.0 (iPhone; CPU iPhone OS 6_1_3 like Mac OS X) AppleWebKit/536.26 (KHTML, like Gecko) Mobile/10B329 [FBAN/FBIOS;FBAV/6.2;FBBV/228172;FBDV/iPhone3,3;FBMD/iPhone;FBSN/iPhone OS;FBSV/6.1.3;FBSS/2; FBCR/Verizon;FBID/phone;FBLC/en_US;FBOP/1]",656
"Mozilla/5.0 (iPad; CPU OS 6_1_2 like Mac OS X) AppleWebKit/536.26 (KHTML, like Gecko) CriOS/27.0.1453.10 Mobile/10B146 Safari/8536.25",648
"Mozilla/5.0 (iPhone; CPU iPhone OS 6_1_2 like Mac OS X) AppleWebKit/536.26 (KHTML, like Gecko) CriOS/27.0.1453.10 Mobile/10B146 Safari/8536.25",637
"Mozilla/5.0 (iPod; CPU iPhone OS 6_1_3 like Mac OS X) AppleWebKit/536.26 (KHTML, like Gecko) Mobile/10B329 Safari IPhoneAppVersion/2.5.2 IPhoneWebkitWrapper BillingSupported",623
"Mozilla/5.0 (iPhone; CPU iPhone OS 6_1_3 like Mac OS X) AppleWebKit/536.26 (KHTML, like Gecko) Mobile/10B329 [FBAN/FBIOS;FBAV/6.1.1;FBBV/202949;FBDV/iPhone3,1;FBMD/iPhone;FBSN/iPhone OS;FBSV/6.1.3;FBSS/2; FBCR/AT&T;FBID/phone;FBLC/en_US;FBOP/1]",620
"Mozilla/5.0 (iPad; CPU OS 6_1 like Mac OS X) AppleWebKit/536.26 (KHTML, like Gecko) CriOS/27.0.1453.10 Mobile/10B141 Safari/8536.25",611
"Mozilla/5.0 (iPad; CPU OS 6_1_3 like Mac OS X) AppleWebKit/536.26 (KHTML, like Gecko) Mobile/10B329 Safari IPhoneAppVersion/2.6.0 IPhoneWebkitWrapper BillingSupported",607
"Mozilla/5.0 (iPhone; CPU iPhone OS 6_1_3 like Mac OS X) AppleWebKit/536.26 (KHTML, like Gecko) Mobile/10B329 [FBAN/FBIOS;FBAV/6.2;FBBV/228172;FBDV/iPhone4,1;FBMD/iPhone;FBSN/iPhone OS;FBSV/6.1.3;FBSS/2; FBCR/Sprint;FBID/phone;FBLC/en_US;FBOP/1]",584
"Mozilla/5.0 (iPhone; CPU iPhone OS 6_1_3 like Mac OS X) AppleWebKit/536.26 (KHTML, like Gecko) CriOS/26.0.1410.53 Mobile/10B329 Safari/8536.25",569
"Mozilla/5.0 (iPhone; U; CPU iPhone OS 4_2_10 like Mac OS X; en-us) AppleWebKit/533.17.9 (KHTML, like Gecko) Version/5.0.2 Mobile/8E600 Safari/6533.18.5",567
"Mozilla/5.0 (iPhone; U; CPU iPhone OS 4_3_2 like Mac OS X; en-us) AppleWebKit/533.17.9 (KHTML, like Gecko) Version/5.0.2 Mobile/8H7 Safari/6533.18.5",559
"Mozilla/5.0 (iPhone; CPU iPhone OS 6_1_3 like Mac OS X) AppleWebKit/536.26 (KHTML, like Gecko) Mobile/10B329 [FBAN/FBIOS;FBAV/6.2;FBBV/228172;FBDV/iPhone3,1;FBMD/iPhone;FBSN/iPhone OS;FBSV/6.1.3;FBSS/2; FBCR/AT&T;FBID/phone;FBLC/en_US;FBOP/1]",557
"Mozilla/5.0 (iPad; CPU OS 5_1_1 like Mac OS X) AppleWebKit/534.46 (KHTML, like Gecko) CriOS/27.0.1453.10 Mobile/9B206 Safari/7534.48.3",556
"Mozilla/5.0 (iPad; CPU OS 6_1_3 like Mac OS X) AppleWebKit/536.26 (KHTML, like Gecko) Mobile/10B329 [FBAN/FBIOS;FBAV/6.2;FBBV/228172;FBDV/iPad3,1;FBMD/iPad;FBSN/iPhone OS;FBSV/6.1.3;FBSS/2; FBCR/;FBID/tablet;FBLC/en_US;FBOP/1]",554
"Mozilla/5.0 (iPad; CPU OS 6_1_3 like Mac OS X) AppleWebKit/536.26 (KHTML, like Gecko) Mobile/10B329 [FBAN/FBIOS;FBAV/6.2;FBBV/228172;FBDV/iPad3,4;FBMD/iPad;FBSN/iPhone OS;FBSV/6.1.3;FBSS/2; FBCR/;FBID/tablet;FBLC/en_US;FBOP/1]",533
"Mozilla/5.0 (iPod; CPU iPhone OS 6_1 like Mac OS X) AppleWebKit/536.26 (KHTML, like Gecko) Version/6.0 Mobile/10B141 Safari/8536.25",519
"Mozilla/5.0 (iPad; U; CPU OS 3_2_2 like Mac OS X; en-us) AppleWebKit/531.21.10 (KHTML, like Gecko) Version/4.0.4 Mobile/7B500 Safari/531.21.10",507
"Mozilla/5.0 (iPad; CPU OS 6_1_3 like Mac OS X) AppleWebKit/536.26 (KHTML, like Gecko) Version/5.1 Mobile/9B206 Safari/7534.48.3",488
"Mozilla/5.0 (iPhone; CPU iPhone OS 7_0 like Mac OS X) AppleWebKit/537.40 (KHTML, like Gecko) Version/6.0 Mobile/11A4400f Safari/8536.25",456
"Mozilla/5.0 (iPad; CPU OS 6_1_3 like Mac OS X) AppleWebKit/536.26 (KHTML, like Gecko) Mobile/10B329 [FBAN/FBIOS;FBAV/6.1.1;FBBV/202949;FBDV/iPad2,2;FBMD/iPad;FBSN/iPhone OS;FBSV/6.1.3;FBSS/1; FBCR/AT&T;FBID/tablet;FBLC/en_US;FBOP/1]",450
"Mozilla/5.0 (iPad; U; CPU OS 5_0 like Mac OS X) AppleWebKit/534.46 (KHTML, like Gecko) Version/5.1 Mobile/9A334 Safari/7534.48.3",434
"Mozilla/5.0 (iPhone; CPU iPhone OS 6_1_4 like Mac OS X) AppleWebKit/536.26 (KHTML, like Gecko) Mobile/10B350 [FBAN/FBIOS;FBAV/6.1.1;FBBV/202949;FBDV/iPhone5,2;FBMD/iPhone;FBSN/iPhone OS;FBSV/6.1.4;FBSS/2; FBCR/Sprint;FBID/phone;FBLC/en_US;FBOP/1]",420
"Mozilla/5.0 (iPod; U; CPU iPhone OS 4_3_3 like Mac OS X; en-us) AppleWebKit/533.17.9 (KHTML, like Gecko) Version/5.0.2 Mobile/8J2 Safari/6533.18.5",416
"Mozilla/5.0 (iPhone; U; CPU iPhone OS 4_1 like Mac OS X; en-us) AppleWebKit/532.9 (KHTML, like Gecko) Version/4.0.5 Mobile/8B117 Safari/6531.22.7",408
"Mozilla/5.0 (iPad; CPU OS 6_1_3 like Mac OS X) AppleWebKit/536.26 (KHTML, like Gecko) Mobile/10B329 [FBAN/FBIOS;FBAV/6.2;FBBV/228172;FBDV/iPad2,5;FBMD/iPad;FBSN/iPhone OS;FBSV/6.1.3;FBSS/1; FBCR/;FBID/tablet;FBLC/en_US;FBOP/1]",397
"Mozilla/5.0 (iPad; U; CPU OS 4_3 like Mac OS X; en-us) AppleWebKit/533.17.9 (KHTML, like Gecko) Version/5.0.2 Mobile/8F191 Safari/6533.18.5",363
"Mozilla/5.0 (iPhone; CPU iPhone OS 6_1_2 like Mac OS X) AppleWebKit/536.26 (KHTML, like Gecko) Mobile/10B146 Safari IPhoneAppVersion/2.6.0 IPhoneWebkitWrapper BillingSupported",360
"Mozilla/5.0 (iPad; CPU OS 6_0 like Mac OS X) AppleWebKit/536.26 (KHTML, like Gecko) CriOS/27.0.1453.10 Mobile/10A403 Safari/8536.25",350
"Mozilla/5.0 (iPhone; CPU iPhone OS 6_0_1 like Mac OS X) AppleWebKit/536.26 (KHTML, like Gecko) CriOS/27.0.1453.10 Mobile/10A523 Safari/8536.25",346
"Mozilla/5.0 (iPad; U; CPU OS 4_3_3 like Mac OS X; en-us) AppleWebKit/533.17.9 (KHTML, like Gecko) Version/5.0.2 Mobile/8J3 Safari/6533.18.5",323
"Mozilla/5.0 (iPad; CPU OS 6_1_3 like Mac OS X) AppleWebKit/536.26 (KHTML, like Gecko) Mobile/10B329 [FBAN/FBIOS;FBAV/6.2;FBBV/228172;FBDV/iPad2,4;FBMD/iPad;FBSN/iPhone OS;FBSV/6.1.3;FBSS/1; FBCR/;FBID/tablet;FBLC/en_US;FBOP/1]",322
"Mozilla/5.0 (iPhone; CPU iPhone OS 6_1_3 like Mac OS X) AppleWebKit/536.26 (KHTML, like Gecko) Mobile/10B329 IMDb-flg/3.2.1",309
"Mozilla/5.0 (iPad; CPU OS 6_0_2 like Mac OS X) AppleWebKit/536.26 (KHTML, like Gecko) Version/6.0 Mobile/10A8500 Safari/8536.25",300
"Mozilla/5.0 (iPad; CPU OS 5_0 like Mac OS X) AppleWebKit/534.46 (KHTML, like Gecko) Version/5.1 Mobile/9A334 Safari/7534.48.3",298
"Mozilla/5.0 (iPhone; U; CPU iPhone OS 4_3 like Mac OS X; en-us) AppleWebKit/533.17.9 (KHTML, like Gecko) Version/5.0.2 Mobile/8F190 Safari/6533.18.5",296
"Mozilla/5.0 (iPhone; CPU iPhone OS 6_1_4 like Mac OS X) AppleWebKit/536.26 (KHTML, like Gecko) CriOS/26.0.1410.53 Mobile/10B350 Safari/8536.25",290
"Mozilla/5.0 (iPad; CPU OS 6_1_3 like Mac OS X) AppleWebKit/536.26 (KHTML, like Gecko) Mobile/10B329 [FBAN/FBIOS;FBAV/6.1.1;FBBV/202949;FBDV/iPad2,3;FBMD/iPad;FBSN/iPhone OS;FBSV/6.1.3;FBSS/1; FBCR/Verizon;FBID/tablet;FBLC/en_US;FBOP/1]",287
"Mozilla/5.0 (iPhone; CPU iPhone OS 6_0_1 like Mac OS X) AppleWebKit/536.26 (KHTML, like Gecko) CriOS/26.0.1410.50 Mobile/10A525 Safari/8536.25",285
"Mozilla/5.0 (iPhone; U; CPU iPhone OS 4_3_1 like Mac OS X; en-us) AppleWebKit/533.17.9 (KHTML, like Gecko) Version/5.0.2 Mobile/8G4 Safari/6533.18.5",276
"Mozilla/5.0 (iPad; CPU OS 6_1_2 like Mac OS X) AppleWebKit/536.26 (KHTML, like Gecko) CriOS/26.0.1410.53 Mobile/10B146 Safari/8536.25",275
"Mozilla/5.0 (iPhone; CPU iPhone OS 6_1_4 like Mac OS X) AppleWebKit/536.26 (KHTML, like Gecko) Mobile/10B350 Safari IPhoneAppVersion/2.5.2 IPhoneWebkitWrapper BillingSupported",264
"Mozilla/5.0 (iPad; CPU OS 6_1_3 like Mac OS X) AppleWebKit/536.26 (KHTML, like Gecko) Mobile/10B329 [FBAN/FBIOS;FBAV/6.1.1;FBBV/202949;FBDV/iPad3,3;FBMD/iPad;FBSN/iPhone OS;FBSV/6.1.3;FBSS/2; FBCR/AT&T;FBID/tablet;FBLC/en_US;FBOP/1]",256
"Mozilla/5.0 (iPad; U; CPU OS 4_3_2 like Mac OS X; en-us) AppleWebKit/533.17.9 (KHTML, like Gecko) Version/5.0.2 Mobile/8H7 Safari/6533.18.5",255
"Mozilla/5.0 (iPad; CPU OS 6_1 like Mac OS X) AppleWebKit/536.26 (KHTML, like Gecko) Mobile/10B141 Safari IPhoneAppVersion/2.5.2 IPhoneWebkitWrapper BillingSupported",254
"Mozilla/5.0 (iPad; CPU OS 6_1_3 like Mac OS X) AppleWebKit/536.26 (KHTML, like Gecko) Mobile/10B329 Safari IPhoneAppVersion/2.5.2 IPhoneWebkitWrapper BillingSupported",248
"Mozilla/5.0 (iPad; CPU OS 6_1_3 like Mac OS X) AppleWebKit/536.26 (KHTML, like Gecko) Mobile/10B329 [FBAN/FBIOS;FBAV/6.1.1;FBBV/202949;FBDV/iPad3,2;FBMD/iPad;FBSN/iPhone OS;FBSV/6.1.3;FBSS/2; FBCR/Verizon;FBID/tablet;FBLC/en_US;FBOP/1]",243
"Mozilla/5.0 (iPod; U; CPU iPhone OS 4_1 like Mac OS X; en-us) AppleWebKit/532.9 (KHTML, like Gecko) Version/4.0.5 Mobile/8B117 Safari/6531.22.7",241
"Mozilla/5.0 (iPod; U; CPU iPhone OS 4_2_1 like Mac OS X; en-us) AppleWebKit/533.17.9 (KHTML, like Gecko) Mobile/8C148",235
"Mozilla/5.0 (iPhone; CPU iPhone OS 6_0_1 like Mac OS X) AppleWebKit/536.26 (KHTML, like Gecko) Mobile/10A523 Safari IPhoneAppVersion/2.5.2 IPhoneWebkitWrapper BillingSupported",226
"Mozilla/5.0 (iPhone; CPU iPhone OS 6_1_2 like Mac OS X) AppleWebKit/536.26 (KHTML, like Gecko) Mobile/10B146 Safari IPhoneAppVersion/2.5.2 IPhoneWebkitWrapper BillingSupported",221
"Mozilla/5.0 (iPhone; CPU iPhone OS 6_0_2 like Mac OS X) AppleWebKit/536.26 (KHTML, like Gecko) Mobile/10A550",221
"Mozilla/5.0 (iPhone; CPU iPhone OS 6_1_3 like Mac OS X) AppleWebKit/536.26 (KHTML, like Gecko) Version/6.0 Mobile/10A523 Safari/8536.25",218
"Mozilla/5.0 (iPod; U; CPU iPhone OS 4_0_2 like Mac OS X; en-us) AppleWebKit/532.9 (KHTML, like Gecko) Version/4.0.5 Mobile/8A400 Safari/6531.22.7",211
"Mozilla/5.0 (iPad; U; CPU OS 4_3_1 like Mac OS X; en-us) AppleWebKit/533.17.9 (KHTML, like Gecko) Version/5.0.2 Mobile/8G4 Safari/6533.18.5",204
"Mozilla/5.0 (iPhone; CPU iPhone OS 6_1_3 like Mac OS X) AppleWebKit/536.26 (KHTML, like Gecko) Mobile/10B329 [FBAN/FBIOS;FBAV/6.1.1;FBBV/202949;FBDV/iPhone5,1;FBMD/iPhone;FBSN/iPhone OS;FBSV/6.1.3;FBSS/2; FBCR/AT&T;FBID/phone;FBLC/en_US;FBOP/1]",203
"Mozilla/5.0 (iPad; CPU OS 7_0 like Mac OS X) AppleWebKit/537.40 (KHTML, like Gecko) Version/6.0 Mobile/11A4400f Safari/8536.25",201
"Mozilla/5.0 (iPad; CPU OS 7_0 like Mac OS X) AppleWebKit/537.40 (KHTML, like Gecko) Mobile/11A4400f",200
"Mozilla/5.0 (iPad; CPU OS 6_0 like Mac OS X) AppleWebKit/536.26 (KHTML, like Gecko) Version/6.0 Mobile/10A406 Safari/8536.25",199
"Mozilla/5.0 (iPad; CPU OS 6_1_3 like Mac OS X) AppleWebKit/536.26 (KHTML, like Gecko) Mobile/10B329 [FBAN/FBIOS;FBAV/6.2;FBBV/228172;FBDV/iPad2,2;FBMD/iPad;FBSN/iPhone OS;FBSV/6.1.3;FBSS/1; FBCR/AT&T;FBID/tablet;FBLC/en_US;FBOP/1]",197
"Mozilla/5.0 (iPhone; U; CPU iPhone OS 3_1_3 like Mac OS X; en-us) AppleWebKit/528.18 (KHTML, like Gecko) Version/4.0 Mobile/7E18 Safari/528.16",191
"Mozilla/5.0 (iPhone; U; CPU iPhone OS 5_0 like Mac OS X) AppleWebKit/534.46 (KHTML, like Gecko) Version/5.1 Mobile/9A334 Safari/7534.48.3",185
"Mozilla/5.0 (iPad; CPU OS 5_1_1 like Mac OS X) AppleWebKit/534.46 (KHTML, like Gecko) CriOS/26.0.1410.53 Mobile/9B206 Safari/7534.48.3",178
"Mozilla/5.0 (iPhone; CPU iPhone OS 6_1_4 like Mac OS X) AppleWebKit/536.26 (KHTML, like Gecko) Mobile/10B350 [FBAN/FBIOS;FBAV/6.2;FBBV/228172;FBDV/iPhone5,1;FBMD/iPhone;FBSN/iPhone OS;FBSV/6.1.4;FBSS/2; FBCR/T-Mobile;FBID/phone;FBLC/en_US;FBOP/1]",175
"Mozilla/5.0 (iPad; CPU OS 5_1_1 like Mac OS X) AppleWebKit/534.46 (KHTML, like Gecko) Mobile/9B206 Safari IPhoneAppVersion/2.6.0 IPhoneWebkitWrapper BillingSupported",174
"Mozilla/5.0 (iPhone; CPU iPhone OS 6_0_1 like Mac OS X) AppleWebKit/536.26 (KHTML, like Gecko) Mercury/7.4.2 Mobile/10A523 Safari/8536.25",173
"Mozilla/5.0 (iPhone; CPU iPhone OS 6_1_3 like Mac OS X) AppleWebKit/536.26 (KHTML, like Gecko) Mobile/10B329 [FBAN/FBIOS;FBAV/6.1.1;FBBV/202949;FBDV/iPhone5,2;FBMD/iPhone;FBSN/iPhone OS;FBSV/6.1.3;FBSS/2; FBCR/Verizon;FBID/phone;FBLC/en_US;FBOP/1]",171
"Mozilla/5.0 (iPhone; CPU iPhone OS 6_1_3 like Mac OS X) AppleWebKit/536.26 (KHTML, like Gecko) Mobile/10B329 [FBAN/FBIOS;FBAV/6.0.2;FBBV/183159;FBDV/iPhone4,1;FBMD/iPhone;FBSN/iPhone OS;FBSV/6.1.3;FBSS/2; FBCR/AT&T;FBID/phone;FBLC/en_US;FBOP/1]",171
"Mozilla/5.0 (iPhone; CPU iPhone OS 6_0_1 like Mac OS X) AppleWebKit/536.26 (KHTML, like Gecko) Mercury/7.4 Mobile/10A523 Safari/8536.25",171
"Mozilla/5.0 (iPad; CPU OS 5_1_1 like Mac OS X) AppleWebKit/534.46 (KHTML, like Gecko) Mobile/9B206 Safari IPhoneAppVersion/2.5.2 IPhoneWebkitWrapper BillingSupported",170
"Mozilla/5.0 (iPad; CPU OS 6_1_3 like Mac OS X) AppleWebKit/536.26 (KHTML, like Gecko) Mobile/10B329 [FBAN/FBIOS;FBAV/6.2;FBBV/228172;FBDV/iPad3,3;FBMD/iPad;FBSN/iPhone OS;FBSV/6.1.3;FBSS/2; FBCR/AT&T;FBID/tablet;FBLC/en_US;FBOP/1]",168
"Mozilla/5.0 (iPad; CPU OS 6_0_1 like Mac OS X) AppleWebKit/536.26 (KHTML, like Gecko) CriOS/25.0.1364.124 Mobile/10A523 Safari/8536.25",165
"Mozilla/5.0 (iPad; CPU OS 5_1_1 like Mac OS X) AppleWebKit/534.46 (KHTML, like Gecko) Mobile/9B206 [FBAN/FBIOS;FBAV/6.1.1;FBBV/202949;FBDV/iPad1,1;FBMD/iPad;FBSN/iPhone OS;FBSV/5.1.1;FBSS/1; FBCR/;FBID/tablet;FBLC/en_US;FBOP/1]",164
"Mozilla/5.0 (iPhone; CPU iPhone OS 6_1 like Mac OS X) AppleWebKit/536.26 (KHTML, like Gecko) CriOS/27.0.1453.10 Mobile/10B143 Safari/8536.25",163
"Mozilla/5.0 (iPhone; CPU iPhone OS 6_1_3 like Mac OS X) AppleWebKit/536.26 (KHTML, like Gecko) Mobile/10B329 [FBAN/FBIOS;FBAV/6.1.1;FBBV/202949;FBDV/iPhone3,3;FBMD/iPhone;FBSN/iPhone OS;FBSV/6.1.3;FBSS/2; FBCR/Sprint;FBID/phone;FBLC/en_US;FBOP/1]",162
"Mozilla/5.0 (iPhone; CPU iPhone OS 6_1_4 like Mac OS X) AppleWebKit/536.26 (KHTML, like Gecko) Mobile/10B350 [FBAN/FBIOS;FBAV/6.1.1;FBBV/202949;FBDV/iPhone5,1;FBMD/iPhone;FBSN/iPhone OS;FBSV/6.1.4;FBSS/2; FBCR/T-Mobile;FBID/phone;FBLC/en_US;FBOP/1]",162
"Mozilla/5.0 (iPad; CPU OS 6_0_1 like Mac OS X) AppleWebKit/536.26 (KHTML, like Gecko) Rockmelt/3.0.3.7 Mobile/10A525 Safari/8536.25",162
"Mozilla/5.0 (iPad; CPU OS 6_0_1 like Mac OS X) AppleWebKit/536.26 (KHTML, like Gecko) Mercury/7.4.2 Mobile/10A523 Safari/8536.25",160
"Mozilla/5.0 (iPod; U; CPU iPhone OS 3_1_3 like Mac OS X; en-us) AppleWebKit/528.18 (KHTML, like Gecko) Version/4.0 Mobile/7E18 Safari/528.16",160
"Mozilla/5.0 (iPad; CPU OS 6_1_3 like Mac OS X) AppleWebKit/536.26 (KHTML, like Gecko) Mobile/10B329 [FBAN/FBIOS;FBAV/6.1.1;FBBV/202949;FBDV/iPad3,6;FBMD/iPad;FBSN/iPhone OS;FBSV/6.1.3;FBSS/2; FBCR/Verizon;FBID/tablet;FBLC/en_US;FBOP/1]",154
"Mozilla/5.0 (iPhone; CPU iPhone OS 6_0_1 like Mac OS X) AppleWebKit/536.26 (KHTML, like Gecko) Mercury/7.2 Mobile/10A523 Safari/8536.25",154
"Mozilla/5.0 (iPad; CPU OS 5_1 like Mac OS X) AppleWebKit/534.46 (KHTML, like Gecko ) Version/5.1 Mobile/9B176 Safari/7534.48.3",153
"Mozilla/5.0 (iPad; CPU OS 6_1_3 like Mac OS X) AppleWebKit/536.26 (KHTML, like Gecko) Mobile/10B329 [FBAN/FBIOS;FBAV/6.1.1;FBBV/202949;FBDV/iPad3,5;FBMD/iPad;FBSN/iPhone OS;FBSV/6.1.3;FBSS/2; FBCR/AT&T;FBID/tablet;FBLC/en_US;FBOP/1]",147
"Mozilla/5.0 (iPhone; CPU iPhone OS 6_1_3 like Mac OS X) AppleWebKit/536.26 (KHTML, like Gecko) Mobile/10B329 [FBAN/FBIOS;FBAV/6.2;FBBV/228172;FBDV/iPhone3,3;FBMD/iPhone;FBSN/iPhone OS;FBSV/6.1.3;FBSS/2; FBCR/Sprint;FBID/phone;FBLC/en_US;FBOP/1]",141
"Mozilla/5.0 (iPad; CPU OS 6_1_3 like Mac OS X) AppleWebKit/536.26 (KHTML, like Gecko) Mobile/10B329 [FBAN/FBIOS;FBAV/6.0.2;FBBV/183159;FBDV/iPad2,1;FBMD/iPad;FBSN/iPhone OS;FBSV/6.1.3;FBSS/1; FBCR/;FBID/tablet;FBLC/en_US;FBOP/1]",141
"Mozilla/5.0 (iPhone; CPU iPhone OS 6_1_2 like Mac OS X) AppleWebKit/536.26 (KHTML, like Gecko) Mobile/10B146 [FBAN/FBIOS;FBAV/6.1.1;FBBV/202949;FBDV/iPhone4,1;FBMD/iPhone;FBSN/iPhone OS;FBSV/6.1.2;FBSS/2; FBCR/AT&T;FBID/phone;FBLC/en_US;FBOP/1]",141
"Mozilla/5.0 (iPhone; CPU iPhone OS 6_1_4 like Mac OS X) AppleWebKit/536.26 (KHTML, like Gecko) Mobile/10B350 IMDb-flg/3.2.1",141
"Mozilla/5.0 (iPhone; CPU iPhone OS 6_0_1 like Mac OS X) AppleWebKit/536.26 (KHTML, like Gecko) Mobile/10A523 [FBAN/FBIOS;FBAV/6.1.1;FBBV/202949;FBDV/iPhone4,1;FBMD/iPhone;FBSN/iPhone OS;FBSV/6.0.1;FBSS/2; FBCR/AT&T;FBID/phone;FBLC/en_US;FBOP/1]",138
"Mozilla/5.0 (iPhone; CPU iPhone OS 6_0_1 like Mac OS X) AppleWebKit/536.26 (KHTML, like Gecko) Mobile/10A8426",137
"Mozilla/5.0 (iPad; CPU OS 6_1_2 like Mac OS X; en-us) AppleWebKit/536.26 (KHTML, like Gecko) CriOS/23.0.1271.100 Mobile/10B146 Safari/8536.25",136
"Mozilla/5.0 (iPhone; U; CPU iPhone OS 4_3_3 like Mac OS X; en-us) AppleWebKit/533.17.9 (KHTML, like Gecko) Mobile/8J2",136
"Mozilla/5.0 (iPhone; CPU iPhone OS 6_1 like Mac OS X) AppleWebKit/536.26 (KHTML, like Gecko) CriOS/27.0.1453.10 Mobile/10B142 Safari/8536.25",135
"Mozilla/5.0 (iPad; CPU OS 6_1_3 like Mac OS X; en-us) AppleWebKit/536.26 (KHTML, like Gecko) CriOS/23.0.1271.100 Mobile/10B329 Safari/8536.25",132
"Mozilla/5.0 (iPhone; CPU iPhone OS 5_1_1 like Mac OS X) AppleWebKit/534.46 (KHTML, like Gecko) CriOS/27.0.1453.10 Mobile/9B206 Safari/7534.48.3",130
"Mozilla/5.0 (iPad; CPU OS 6_1_3 like Mac OS X) AppleWebKit/536.26 (KHTML, like Gecko) Mobile/10B329 [FBAN/FBIOS;FBAV/6.2;FBBV/228172;FBDV/iPad3,2;FBMD/iPad;FBSN/iPhone OS;FBSV/6.1.3;FBSS/2; FBCR/Verizon;FBID/tablet;FBLC/en_US;FBOP/1]",130
"Mozilla/5.0 (iPhone; CPU iPhone OS 6_1_2 like Mac OS X) AppleWebKit/536.26 (KHTML, like Gecko) CriOS/26.0.1410.53 Mobile/10B146 Safari/8536.25",130
"Mozilla/5.0 (iPad; CPU OS 6_1_3 like Mac OS X) AppleWebKit/536.26 (KHTML, like Gecko) Mobile/10B329 [FBAN/FBIOS;FBAV/6.2;FBBV/228172;FBDV/iPad2,3;FBMD/iPad;FBSN/iPhone OS;FBSV/6.1.3;FBSS/1; FBCR/Verizon;FBID/tablet;FBLC/en_US;FBOP/1]",129
"Mozilla/5.0 (iPhone; CPU iPhone OS 6_1 like Mac OS X) AppleWebKit/536.26 (KHTML, like Gecko) CriOS/27.0.1453.10 Mobile/10B141 Safari/8536.25",129
"Mozilla/5.0 (iPod; U; CPU iPhone OS 4_2_1 like Mac OS X; es-es) AppleWebKit/533.17.9 (KHTML, like Gecko) Version/5.0.2 Mobile/8C148 Safari/6533.18.5",128
"Mozilla/5.0 (iPad; CPU OS 6_0_1 like Mac OS X) AppleWebKit/536.26 (KHTML, like Gecko) CriOS/26.0.1410.53 Mobile/10A523 Safari/8536.25",128
"Mozilla/5.0 (iPhone; U; CPU iPhone OS 4_0 like Mac OS X; en-us) AppleWebKit/532.9 (KHTML, like Gecko) Version/4.0.5 Mobile/8A293 Safari/6531.22.7",127
"Mozilla/5.0 (iPod; U; CPU iPhone OS 4_2_1 like Mac OS X; en-us) AppleWebKit/533.17.9 (KHTML, like Gecko) Mobile/8C148 Safari IPhoneAppVersion/2.1 IPhoneWebkitWrapper",125
"Mozilla/5.0 (iPad; CPU OS 6_1_2 like Mac OS X) AppleWebKit/536.26 (KHTML, like Gecko) Mobile/10B146 [FBAN/FBIOS;FBAV/6.1.1;FBBV/202949;FBDV/iPad2,1;FBMD/iPad;FBSN/iPhone OS;FBSV/6.1.2;FBSS/1; FBCR/;FBID/tablet;FBLC/en_US;FBOP/1]",124
"Mozilla/5.0 (iPhone; CPU iPhone OS 6_0 like Mac OS X) AppleWebKit/536.26 (KHTML, like Gecko) Mobile/10A407",122
"Mozilla/5.0 (iPhone; U; CPU iPhone OS 6_1_2 like Mac OS X; vi-VN) AppleWebKit/534.35 (KHTML, like Gecko)  Chrome/11.0.696.65 Safari/534.35 Puffin/3.9331IP Mobile",121
"Mozilla/5.0 (iPod; CPU iPhone OS 5_0_1 like Mac OS X) AppleWebKit/534.46 (KHTML, like Gecko) Mobile/9A405 Safari IPhoneAppVersion/2.1 IPhoneWebkitWrapper",117
"Mozilla/5.0 (iPhone; CPU iPhone OS 6_1_4 like Mac OS X) AppleWebKit/536.26 (KHTML, like Gecko) Version/6.0 Mobile/10A523 Safari/8536.25",117
"Mozilla/5.0 (iPhone; CPU iPhone OS 5_1_1 like Mac OS X) AppleWebKit/534.46 (KHTML, like Gecko) CriOS/26.0.1410.53 Mobile/9B206 Safari/7534.48.3",116
"Mozilla/5.0 (iPhone; CPU iPhone OS 6_1_3 like Mac OS X) AppleWebKit/536.26 (KHTML, like Gecko) Mobile/10B329 [FBAN/FBIOS;FBAV/6.0.2;FBBV/183159;FBDV/iPhone4,1;FBMD/iPhone;FBSN/iPhone OS;FBSV/6.1.3;FBSS/2; FBCR/Verizon;FBID/phone;FBLC/en_US;FBOP/1]",116
"Mozilla/5.0 (iPhone; CPU iPhone OS 6_1_2 like Mac OS X) AppleWebKit/536.26 (KHTML, like Gecko) Mobile/10B147",116
"Mozilla/5.0 (iPad; CPU OS 5_1_1 like Mac OS X) AppleWebKit/534.46 (KHTML, like Gecko) Mobile/9B206 AppEngine-Google; (+http://code.google.com/appengine; appid: s~abcterry1)",112
"Mozilla/5.0 (iPhone; CPU iPhone OS 6_1_3 like Mac OS X) AppleWebKit/536.26 (KHTML, like Gecko) Mobile/10B329 [FBAN/FBIOS;FBAV/6.2;FBBV/228172;FBDV/iPhone5,1;FBMD/iPhone;FBSN/iPhone OS;FBSV/6.1.3;FBSS/2; FBCR/AT&T;FBID/phone;FBLC/en_US;FBOP/1]",112
"Mozilla/5.0 (iPhone; CPU iPhone OS 6_1 like Mac OS X) AppleWebKit/536.26 (KHTML, like Gecko) Mobile/10B143 Safari IPhoneAppVersion/2.6.0 IPhoneWebkitWrapper BillingSupported",110
"Mozilla/5.0 (iPhone; CPU iPhone OS 6_0_1 like Mac OS X) AppleWebKit/536.26 (KHTML, like Gecko) CriOS/27.0.1453.10 Mobile/10A525 Safari/8536.25",110
"Mozilla/5.0 (iPod; CPU iPhone OS 5_0 like Mac OS X) AppleWebKit/534.46 (KHTML, like Gecko) Version/5.1 Mobile/9A334 Safari/7534.48.3",107
"Mozilla/5.0 (iPhone; CPU iPhone OS 6_1_2 like Mac OS X) AppleWebKit/536.26 (KHTML, like Gecko) Mobile/10B146 [FBAN/FBIOS;FBAV/6.1.1;FBBV/202949;FBDV/iPhone5,1;FBMD/iPhone;FBSN/iPhone OS;FBSV/6.1.2;FBSS/2; FBCR/AT&T;FBID/phone;FBLC/en_US;FBOP/1]",106
"Mozilla/5.0 (iPhone; CPU iPhone OS 6_1_3 like Mac OS X) AppleWebKit/536.26 (KHTML, like Gecko) Mobile/10B329 iPhone3,3 BingWeb/4.0.1.1552.20130607",105
"Mozilla/5.0 (iPhone; CPU iPhone OS 6_1_3 like Mac OS X) AppleWebKit/536.26 (KHTML, like Gecko) Mobile/10B329 [FBAN/FBIOS;FBAV/6.1.1;FBBV/202949;FBDV/iPhone3,2;FBMD/iPhone;FBSN/iPhone OS;FBSV/6.1.3;FBSS/2; FBCR/AT&T;FBID/phone;FBLC/en_US;FBOP/1]",105
"Mozilla/5.0 (iPad; CPU OS 6_1_2 like Mac OS X) AppleWebKit/536.26 (KHTML, like Gecko) Mobile/10B146 [FBAN/FBIOS;FBAV/6.2;FBBV/228172;FBDV/iPad2,1;FBMD/iPad;FBSN/iPhone OS;FBSV/6.1.2;FBSS/1; FBCR/;FBID/tablet;FBLC/en_US;FBOP/1]",103
"Mozilla/5.0 (iPad; CPU OS 6_0_1 like Mac OS X) AppleWebKit/536.26 (KHTML, like Gecko) CriOS/26.0.1410.50 Mobile/10A523 Safari/8536.25",102
"Mozilla/5.0 (iPhone; U; CPU iPhone OS 4_3_5 like Mac OS X; en-us) AppleWebKit/533.17.9 (KHTML, like Gecko) Mobile/8L1",101
